,fit_time,score_time,test_neg_root_mean_squared_error,test_neg_mean_absolute_error,test_neg_mean_absolute_percentage_error,test_r2
0,161.4403681755066,0.5573110580444336,-6.766481473275534,-5.152797753739718,-0.14750145124251682,0.6436593307267424
1,173.35168838500977,1.171191692352295,-6.7847980645335015,-5.162652933729342,-0.14888600129596022,0.6159258522594521
2,160.94835805892944,0.6170215606689453,-6.921614476261214,-5.243398515669667,-0.15048321824080443,0.6013388563645841
3,176.12235641479492,0.45957279205322266,-6.699944930110609,-5.12073539752265,-0.14962784600290918,0.6154221620534127
4,71.59958624839783,0.3117563724517822,-6.958410841712464,-5.253729345175942,-0.15055598794453331,0.6202821541004235
